<datasources>


    <datasource id="test_mysql">
        <url>jdbc:mysql://localhost:3306/test?useSSL=false&amp;characterEncoding=UTF-8&amp;serverTimezone=GMT%2B8</url>
        <username>root</username>
        <password>root</password>
        <driver>com.mysql.cj.jdbc.Driver</driver>
    </datasource>

    <datasource id="log_mysql">
        <url>jdbc:mysql://localhost:3306/dbapi_log?useSSL=false&amp;characterEncoding=UTF-8&amp;serverTimezone=GMT%2B8</url>
        <username>root</username>
        <password>root</password>
        <driver>com.mysql.cj.jdbc.Driver</driver>
    </datasource>

</datasources>